Year,Country,Documents,Citable documents,Sqrt(Documents),Citations,Self-citations,Sqrt(citations),Citations per document,H index,continent
1996,Albania,69,68,8.246211251,853,116,27,12.36,62,Europa
1997,Albania,52,51,7.141428429,475,28,21,9.13,62,Europa
1998,Albania,50,48,6.92820323,817,72,27,16.34,62,Europa
1999,Albania,45,44,6.633249581,1128,75,32,25.07,62,Europa
2000,Albania,43,41,6.403124237,683,76,25,15.88,62,Europa
2001,Albania,39,38,6.164414003,423,83,18,10.85,62,Europa
2002,Albania,51,49,7,866,83,28,16.98,62,Europa
2003,Albania,53,51,7.141428429,1029,94,31,19.42,62,Europa
2004,Albania,54,52,7.211102551,1673,55,40,30.98,62,Europa
2005,Albania,60,55,7.416198487,1170,108,33,19.5,62,Europa
2006,Albania,73,69,8.306623863,1277,62,35,17.49,62,Europa
2007,Albania,84,81,9,1441,105,37,17.15,62,Europa
2008,Albania,109,105,10.24695077,1818,141,41,16.68,62,Europa
2009,Albania,139,134,11.5758369,1015,121,30,7.3,62,Europa
2010,Albania,239,233,15.26433752,2714,184,50,11.36,62,Europa
2011,Albania,295,277,16.64331698,1580,151,38,5.36,62,Europa
2012,Albania,354,340,18.43908891,1517,202,36,4.29,62,Europa
2013,Albania,533,497,22.29349681,1229,181,32,2.31,62,Europa
2014,Albania,549,524,22.89104628,2159,179,44,3.93,62,Europa
2015,Albania,501,470,21.67948339,2261,199,45,4.51,62,Europa
2016,Albania,428,398,19.94993734,2749,149,51,6.42,62,Europa
2017,Albania,411,370,19.23538406,1119,86,32,2.72,62,Europa
2018,Albania,496,450,21.21320344,259,40,15,0.52,62,Europa
1996,Algeria,369,369,19.20937271,5085,724,66,13.78,157,Africa
1997,Algeria,399,399,19.97498436,4812,774,64,12.06,157,Africa
1998,Algeria,451,451,21.23676058,6883,1098,76,15.26,157,Africa
1999,Algeria,497,495,22.24859546,5742,1158,68,11.55,157,Africa
2000,Algeria,547,544,23.32380758,7805,1382,80,14.27,157,Africa
2001,Algeria,643,638,25.25866188,10235,1650,93,15.92,157,Africa
2002,Algeria,692,682,26.11512971,10497,1620,94,15.17,157,Africa
2003,Algeria,910,898,29.96664813,11722,2469,96,12.88,157,Africa
2004,Algeria,1204,1187,34.45286635,16835,3029,117,13.98,157,Africa
2005,Algeria,1324,1307,36.15245497,16268,3404,113,12.29,157,Africa
2006,Algeria,1853,1826,42.73172124,22741,4518,135,12.27,157,Africa
2007,Algeria,2048,2034,45.09988914,23009,4569,136,11.23,157,Africa
2008,Algeria,2513,2487,49.86983056,29987,5580,156,11.93,157,Africa
2009,Algeria,3172,3135,55.99107072,33839,6755,165,10.67,157,Africa
2010,Algeria,3205,3150,56.1248608,36195,6630,172,11.29,157,Africa
2011,Algeria,3618,3569,59.74110812,28965,6544,150,8.01,157,Africa
2012,Algeria,4336,4236,65.08456038,31244,7145,155,7.21,157,Africa
2013,Algeria,5020,4876,69.828361,32443,8201,156,6.46,157,Africa
2014,Algeria,5275,5135,71.65891431,31213,8321,151,5.92,157,Africa
2015,Algeria,5979,5769,75.95393341,28586,7815,144,4.78,157,Africa
2016,Algeria,6696,6526,80.78366171,28906,6450,150,4.32,157,Africa
2017,Algeria,7320,7032,83.85702117,17306,3910,116,2.36,157,Africa
2018,Algeria,7643,6960,83.42661446,4348,1191,56,0.57,157,Africa
1996,Armenia,401,399,19.97498436,3499,480,55,8.73,177,Asia
1997,Armenia,341,340,18.43908891,4433,933,59,13,177,Asia
1998,Armenia,356,354,18.81488772,4134,742,58,11.61,177,Asia
1999,Armenia,367,364,19.07878403,5186,828,66,14.13,177,Asia
2000,Armenia,478,476,21.81742423,8897,1330,87,18.61,177,Asia
2001,Armenia,465,458,21.40093456,7533,1478,78,16.2,177,Asia
2002,Armenia,493,485,22.02271555,6663,1314,73,13.52,177,Asia
2003,Armenia,536,525,22.91287847,8680,1715,83,16.19,177,Asia
2004,Armenia,547,541,23.2594067,8796,1718,84,16.08,177,Asia
2005,Armenia,623,613,24.75883681,11023,1548,97,17.69,177,Asia
2006,Armenia,606,585,24.18677324,13824,1727,110,22.81,177,Asia
2007,Armenia,646,633,25.15949125,11271,1577,98,17.45,177,Asia
2008,Armenia,626,606,24.61706725,14889,2693,110,23.78,177,Asia
2009,Armenia,716,692,26.30589288,9099,1627,86,12.71,177,Asia
2010,Armenia,819,787,28.05352028,17598,3070,121,21.49,177,Asia
2011,Armenia,1028,982,31.33687923,16225,3581,112,15.78,177,Asia
2012,Armenia,1156,1107,33.27160952,30062,4788,159,26.01,177,Asia
2013,Armenia,1070,1025,32.01562119,18122,4024,119,16.94,177,Asia
2014,Armenia,1096,1062,32.58834147,14089,3047,105,12.85,177,Asia
2015,Armenia,1081,1033,32.14031736,13306,2733,103,12.31,177,Asia
2016,Armenia,1134,1086,32.95451411,11649,2413,96,10.27,177,Asia
2017,Armenia,1135,1072,32.74141109,5429,1519,63,4.78,177,Asia
2018,Armenia,1275,1208,34.75629439,2055,374,41,1.61,177,Asia
1996,Azerbaijan,248,248,15.74801575,1008,243,28,4.06,103,Asia
1997,Azerbaijan,245,245,15.65247584,1055,232,29,4.31,103,Asia
1998,Azerbaijan,208,208,14.4222051,1321,316,32,6.35,103,Asia
1999,Azerbaijan,199,198,14.07124728,1173,220,31,5.89,103,Asia
2000,Azerbaijan,194,194,13.92838828,1313,289,32,6.77,103,Asia
2001,Azerbaijan,195,195,13.96424004,970,269,26,4.97,103,Asia
2002,Azerbaijan,301,301,17.34935157,2172,444,42,7.22,103,Asia
2003,Azerbaijan,354,352,18.76166304,2484,715,42,7.02,103,Asia
2004,Azerbaijan,443,436,20.88061302,1873,554,36,4.23,103,Asia
2005,Azerbaijan,438,432,20.78460969,2746,527,47,6.27,103,Asia
2006,Azerbaijan,382,377,19.41648784,3186,633,51,8.34,103,Asia
2007,Azerbaijan,509,501,22.38302929,2031,500,39,3.99,103,Asia
2008,Azerbaijan,604,595,24.39262184,5520,1058,67,9.14,103,Asia
2009,Azerbaijan,788,772,27.78488798,3343,878,50,4.24,103,Asia
2010,Azerbaijan,817,803,28.33725463,6117,1541,68,7.49,103,Asia
2011,Azerbaijan,926,891,29.84962311,6971,1363,75,7.53,103,Asia
2012,Azerbaijan,1014,998,31.591138,13600,1760,109,13.41,103,Asia
2013,Azerbaijan,784,750,27.38612788,6995,1685,73,8.92,103,Asia
2014,Azerbaijan,703,681,26.0959767,9102,1314,88,12.95,103,Asia
2015,Azerbaijan,824,781,27.94637722,10763,1147,98,13.06,103,Asia
2016,Azerbaijan,1048,1013,31.82766093,8648,1325,86,8.25,103,Asia
2017,Azerbaijan,1167,1119,33.45145737,3199,833,49,2.74,103,Asia
2018,Azerbaijan,1302,1235,35.14256678,1569,211,37,1.21,103,Asia
1996,Bahrain,125,121,11,773,60,27,6.18,79,Asia
1997,Bahrain,84,83,9.110433579,826,73,27,9.83,79,Asia
1998,Bahrain,121,113,10.63014581,894,78,29,7.39,79,Asia
1999,Bahrain,117,109,10.44030651,1701,98,40,14.54,79,Asia
2000,Bahrain,106,96,9.797958971,1015,105,30,9.58,79,Asia
2001,Bahrain,107,103,10.14889157,1476,84,37,13.79,79,Asia
2002,Bahrain,90,86,9.273618495,1606,94,39,17.84,79,Asia
2003,Bahrain,174,165,12.84523258,1984,160,43,11.4,79,Asia
2004,Bahrain,204,189,13.74772708,2091,132,44,10.25,79,Asia
2005,Bahrain,243,222,14.89966443,2565,197,49,10.56,79,Asia
2006,Bahrain,285,258,16.0623784,2899,164,52,10.17,79,Asia
2007,Bahrain,271,253,15.90597372,2892,158,52,10.67,79,Asia
2008,Bahrain,285,257,16.03121954,2868,195,52,10.06,79,Asia
2009,Bahrain,315,295,17.17556404,3116,228,54,9.89,79,Asia
2010,Bahrain,341,320,17.88854382,3761,222,59,11.03,79,Asia
2011,Bahrain,354,325,18.02775638,2806,303,50,7.93,79,Asia
2012,Bahrain,353,303,17.40689519,2343,231,46,6.64,79,Asia
2013,Bahrain,479,414,20.34698995,3335,263,55,6.96,79,Asia
2014,Bahrain,453,401,20.02498439,4274,226,64,9.43,79,Asia
2015,Bahrain,401,348,18.65475811,10071,197,99,25.11,79,Asia
2016,Bahrain,518,460,21.44761059,6136,195,77,11.85,79,Asia
2017,Bahrain,553,497,22.29349681,2536,157,49,4.59,79,Asia
2018,Bahrain,683,611,24.71841419,346,63,17,0.51,79,Asia
1996,Bangladesh,535,522,22.84731932,8010,1145,83,14.97,183,Asia
1997,Bangladesh,550,540,23.23790008,7433,1272,78,13.51,183,Asia
1998,Bangladesh,553,545,23.34523506,7827,1354,80,14.15,183,Asia
1999,Bangladesh,586,577,24.0208243,9064,1634,86,15.47,183,Asia
2000,Bangladesh,633,620,24.8997992,12807,2011,104,20.23,183,Asia
2001,Bangladesh,626,606,24.61706725,10876,1506,97,17.37,183,Asia
2002,Bangladesh,641,631,25.11971337,12947,1933,105,20.2,183,Asia
2003,Bangladesh,869,838,28.94822965,17193,2804,120,19.78,183,Asia
2004,Bangladesh,871,846,29.08607914,20262,2648,133,23.26,183,Asia
2005,Bangladesh,1008,967,31.09662361,21382,2943,136,21.21,183,Asia
2006,Bangladesh,1168,1124,33.52610923,21180,3584,133,18.13,183,Asia
2007,Bangladesh,1558,1507,38.82009789,22996,3735,139,14.76,183,Asia
2008,Bangladesh,1769,1667,40.82891133,24361,4087,142,13.77,183,Asia
2009,Bangladesh,2035,1912,43.72642222,25302,4515,144,12.43,183,Asia
2010,Bangladesh,2469,2341,48.38388161,32667,6087,163,13.23,183,Asia
2011,Bangladesh,2616,2492,49.9199359,28421,5528,151,10.86,183,Asia
2012,Bangladesh,3429,3233,56.8594759,31753,5956,161,9.26,183,Asia
2013,Bangladesh,3487,3267,57.15767665,31622,5749,161,9.07,183,Asia
2014,Bangladesh,4040,3797,61.61980201,34957,5615,171,8.65,183,Asia
2015,Bangladesh,3863,3592,59.93329626,31253,4524,163,8.09,183,Asia
2016,Bangladesh,4395,4143,64.36614017,23826,4255,140,5.42,183,Asia
2017,Bangladesh,5113,4775,69.10137481,14822,3175,108,2.9,183,Asia
2018,Bangladesh,5533,5024,70.88018059,2922,866,45,0.53,183,Asia
1996,Belarus,1340,1339,36.59234893,8884,1862,84,6.63,172,Europa
1997,Belarus,1466,1464,38.26225294,11318,2327,95,7.72,172,Europa
1998,Belarus,1426,1422,37.70941527,11758,2228,98,8.25,172,Europa
1999,Belarus,1320,1318,36.30426972,14204,2352,109,10.76,172,Europa
2000,Belarus,1397,1388,37.25587202,14496,2335,110,10.38,172,Europa
2001,Belarus,1538,1535,39.17907605,17593,2310,124,11.44,172,Europa
2002,Belarus,1628,1621,40.26164428,15915,2636,115,9.78,172,Europa
2003,Belarus,1636,1630,40.37325848,14392,2677,108,8.8,172,Europa
2004,Belarus,1646,1627,40.33608806,17062,2886,119,10.37,172,Europa
2005,Belarus,1823,1735,41.6533312,15451,2612,113,8.48,172,Europa
2006,Belarus,1588,1567,39.58535083,13810,2238,108,8.7,172,Europa
2007,Belarus,1805,1719,41.46082488,13953,2179,109,7.73,172,Europa
2008,Belarus,1457,1435,37.88139385,17879,3172,121,12.27,172,Europa
2009,Belarus,1643,1626,40.32369031,12968,2222,104,7.89,172,Europa
2010,Belarus,1559,1524,39.03844259,16622,3551,114,10.66,172,Europa
2011,Belarus,1717,1677,40.95119046,17189,4066,115,10.01,172,Europa
2012,Belarus,1792,1717,41.43669871,30556,4884,160,17.05,172,Europa
2013,Belarus,1783,1741,41.72529209,19965,4309,125,11.2,172,Europa
2014,Belarus,1810,1760,41.95235393,15181,3544,108,8.39,172,Europa
2015,Belarus,1769,1702,41.25530269,15811,3373,112,8.94,172,Europa
2016,Belarus,1920,1849,43,13869,3009,104,7.22,172,Europa
2017,Belarus,2107,2010,44.83302354,6706,1994,69,3.18,172,Europa
2018,Belarus,2313,2210,47.01063709,2521,489,45,1.09,172,Europa
1996,Bulgaria,2303,2288,47.83304297,29130,4626,157,12.65,240,Europa
1997,Bulgaria,2288,2272,47.66550115,28870,4382,156,12.62,240,Europa
1998,Bulgaria,2251,2234,47.26520919,32549,5017,166,14.46,240,Europa
1999,Bulgaria,2297,2275,47.69696007,31795,4693,165,13.84,240,Europa
2000,Bulgaria,2179,2151,46.3788745,36456,4723,178,16.73,240,Europa
2001,Bulgaria,2227,2186,46.75467891,32568,4794,167,14.62,240,Europa
2002,Bulgaria,2306,2273,47.67598976,38144,5518,181,16.54,240,Europa
2003,Bulgaria,2506,2468,49.67896939,38265,5253,182,15.27,240,Europa
2004,Bulgaria,2673,2628,51.26402247,42489,5807,192,15.9,240,Europa
2005,Bulgaria,3036,2952,54.33231083,42100,5968,190,13.87,240,Europa
2006,Bulgaria,2925,2839,53.28226722,47132,6029,203,16.11,240,Europa
2007,Bulgaria,3658,3551,59.59026766,46740,6352,201,12.78,240,Europa
2008,Bulgaria,3554,3436,58.61740356,48126,6600,204,13.54,240,Europa
2009,Bulgaria,4054,3920,62.60990337,44612,6085,196,11,240,Europa
2010,Bulgaria,3939,3793,61.58733636,51002,6803,210,12.95,240,Europa
2011,Bulgaria,3831,3612,60.09991681,43759,6733,192,11.42,240,Europa
2012,Bulgaria,4146,3960,62.92853089,48549,6444,205,11.71,240,Europa
2013,Bulgaria,4257,3958,62.91263784,36500,6063,174,8.57,240,Europa
2014,Bulgaria,4212,4005,63.28506933,40564,5286,188,9.63,240,Europa
2015,Bulgaria,4122,3855,62.08864631,35953,4288,178,8.72,240,Europa
2016,Bulgaria,4499,4159,64.49030935,25730,3998,147,5.72,240,Europa
2017,Bulgaria,4760,4440,66.633325,12901,2695,101,2.71,240,Europa
2018,Bulgaria,5312,4944,70.31358332,3886,670,57,0.73,240,Europa
1996,Chile,1783,1772,42.09513036,39140,7136,179,21.95,349,Sur America
1997,Chile,1997,1984,44.5421149,44291,7223,193,22.18,349,Sur America
1998,Chile,1942,1920,43.8178046,60007,8459,227,30.9,349,Sur America
1999,Chile,2144,2123,46.07602413,65438,10340,235,30.52,349,Sur America
2000,Chile,2293,2264,47.58150901,68475,11197,239,29.86,349,Sur America
2001,Chile,2423,2376,48.74423043,69912,12022,241,28.85,349,Sur America
2002,Chile,2969,2914,53.98147831,79514,14432,255,26.78,349,Sur America
2003,Chile,3287,3159,56.20498199,99901,16741,288,30.39,349,Sur America
2004,Chile,3615,3508,59.22837158,104542,17097,296,28.92,349,Sur America
2005,Chile,4086,3924,62.64183905,102907,18075,291,25.19,349,Sur America
2006,Chile,5008,4790,69.20982589,107844,19735,297,21.53,349,Sur America
2007,Chile,5379,5101,71.42128534,110414,21544,298,20.53,349,Sur America
2008,Chile,6088,5789,76.08547825,115021,21224,306,18.89,349,Sur America
2009,Chile,6726,6382,79.88742079,116808,22993,306,17.37,349,Sur America
2010,Chile,7127,6750,82.15838363,130010,25908,323,18.24,349,Sur America
2011,Chile,7881,7518,86.70640115,132346,26674,325,16.79,349,Sur America
2012,Chile,8961,8407,91.68969408,143519,27452,341,16.02,349,Sur America
2013,Chile,9387,8829,93.96275858,125334,25889,315,13.35,349,Sur America
2014,Chile,11100,10426,102.1077862,121047,24967,310,10.91,349,Sur America
2015,Chile,11716,10980,104.7854952,103520,20266,289,8.84,349,Sur America
2016,Chile,13337,12358,111.1665417,87648,17276,265,6.57,349,Sur America
2017,Chile,13522,12494,111.7765628,43479,9704,184,3.22,349,Sur America
2018,Chile,14618,13295,115.3039462,11763,3091,93,0.8,349,Sur America
1996,Colombia,587,581,24.10394159,12468,1348,105,21.24,261,Sur America
1997,Colombia,677,664,25.76819745,14618,2112,112,21.59,261,Sur America
1998,Colombia,652,643,25.35744467,14181,1936,111,21.75,261,Sur America
1999,Colombia,769,757,27.51363298,16253,1913,120,21.14,261,Sur America
2000,Colombia,891,873,29.54657341,21405,3012,136,24.02,261,Sur America
2001,Colombia,863,836,28.91366459,18654,2596,127,21.62,261,Sur America
2002,Colombia,1057,1044,32.31098884,23315,3214,142,22.06,261,Sur America
2003,Colombia,1199,1160,34.05877273,26558,3738,151,22.15,261,Sur America
2004,Colombia,1399,1342,36.63331817,30704,4094,163,21.95,261,Sur America
2005,Colombia,1612,1554,39.42080669,43139,4855,196,26.76,261,Sur America
2006,Colombia,2208,2119,46.03259715,43031,6644,191,19.49,261,Sur America
2007,Colombia,2576,2458,49.57822102,43339,6090,193,16.82,261,Sur America
2008,Colombia,3647,3499,59.15234568,59704,8682,226,16.37,261,Sur America
2009,Colombia,4256,4083,63.89835679,58609,8305,224,13.77,261,Sur America
2010,Colombia,4931,4698,68.54195795,72863,11353,248,14.78,261,Sur America
2011,Colombia,5682,5366,73.25298629,72117,12172,245,12.69,261,Sur America
2012,Colombia,6672,6331,79.56758134,90760,13209,278,13.6,261,Sur America
2013,Colombia,7515,6988,83.59425818,68400,12269,237,9.1,261,Sur America
2014,Colombia,8393,7820,88.43076388,65697,11333,233,7.83,261,Sur America
2015,Colombia,9062,8482,92.09777413,67601,10708,239,7.46,261,Sur America
2016,Colombia,10377,9734,98.66103588,49156,9100,200,4.74,261,Sur America
2017,Colombia,11625,10846,104.1441309,28015,5621,150,2.41,261,Sur America
2018,Colombia,12651,11498,107.2287275,6654,1553,71,0.53,261,Sur America
1996,Croatia,1803,1785,42.24926035,16663,3871,113,9.24,259,Europa
1997,Croatia,1725,1702,41.25530269,18301,4286,118,10.61,259,Europa
1998,Croatia,1887,1856,43.08131846,25175,5087,142,13.34,259,Europa
1999,Croatia,1971,1946,44.11349,22074,5329,129,11.2,259,Europa
2000,Croatia,2249,2210,47.01063709,24373,5350,138,10.84,259,Europa
2001,Croatia,2328,2299,47.94788838,27470,5803,147,11.8,259,Europa
2002,Croatia,2645,2603,51.01960408,32616,6866,160,12.33,259,Europa
2003,Croatia,3181,3108,55.74943946,39677,7407,180,12.47,259,Europa
2004,Croatia,3304,3240,56.92099788,46155,8037,195,13.97,259,Europa
2005,Croatia,4013,3890,62.36986452,53183,9540,209,13.25,259,Europa
2006,Croatia,3965,3818,61.78996682,47070,8647,196,11.87,259,Europa
2007,Croatia,4650,4472,66.87301399,50499,9434,203,10.86,259,Europa
2008,Croatia,4953,4769,69.05794668,52354,10125,205,10.57,259,Europa
2009,Croatia,5675,5453,73.84443107,59882,10731,222,10.55,259,Europa
2010,Croatia,5823,5588,74.75292636,83012,11505,267,14.26,259,Europa
2011,Croatia,6632,6365,79.78095011,71933,12393,244,10.85,259,Europa
2012,Croatia,6724,6381,79.88116173,73588,11272,250,10.94,259,Europa
2013,Croatia,6689,6321,79.50471684,58487,10058,220,8.74,259,Europa
2014,Croatia,6626,6181,78.61933604,54394,8739,214,8.21,259,Europa
2015,Croatia,6804,6283,79.26537706,44348,6782,194,6.52,259,Europa
2016,Croatia,6808,6298,79.35993952,31922,5651,162,4.69,259,Europa
2017,Croatia,7240,6709,81.90848552,18446,3766,121,2.55,259,Europa
2018,Croatia,7170,6529,80.80222769,5107,1086,63,0.71,259,Europa
1996,Cuba,798,795,28.19574436,9522,1960,87,11.93,166,Sur America
1997,Cuba,953,948,30.78960864,7306,1925,73,7.67,166,Sur America
1998,Cuba,1184,1166,34.14674216,20537,2879,133,17.35,166,Sur America
1999,Cuba,1303,1271,35.65108694,14409,2690,108,11.06,166,Sur America
2000,Cuba,1314,1296,36,14414,2912,107,10.97,166,Sur America
2001,Cuba,1396,1376,37.09447398,17657,3232,120,12.65,166,Sur America
2002,Cuba,1393,1375,37.08099244,14512,2691,109,10.42,166,Sur America
2003,Cuba,1173,1145,33.83784863,15542,2826,113,13.25,166,Sur America
2004,Cuba,1221,1190,34.49637662,17107,3147,118,14.01,166,Sur America
2005,Cuba,1489,1429,37.80211634,17913,3465,120,12.03,166,Sur America
2006,Cuba,1872,1807,42.50882261,18019,3267,121,9.63,166,Sur America
2007,Cuba,1889,1782,42.21374184,17395,2996,120,9.21,166,Sur America
2008,Cuba,1893,1780,42.19004622,19180,3033,127,10.13,166,Sur America
2009,Cuba,2175,2059,45.37620522,16920,2746,119,7.78,166,Sur America
2010,Cuba,2014,1916,43.77213726,19214,2876,128,9.54,166,Sur America
2011,Cuba,2312,2204,46.94677838,17568,2942,121,7.6,166,Sur America
2012,Cuba,2387,2236,47.28636167,14575,2800,109,6.11,166,Sur America
2013,Cuba,2468,2295,47.90615827,15132,2642,112,6.13,166,Sur America
2014,Cuba,2332,2185,46.74398357,10953,2134,94,4.7,166,Sur America
2015,Cuba,2182,2036,45.12205669,8821,1452,86,4.04,166,Sur America
2016,Cuba,2026,1867,43.2087954,6358,972,73,3.14,166,Sur America
2017,Cuba,1990,1820,42.66145802,3109,537,51,1.56,166,Sur America
2018,Cuba,1806,1624,40.29888336,684,157,23,0.38,166,Sur America
1996,Cyprus,153,153,12.36931688,4945,312,68,32.32,192,Europa
1997,Cyprus,200,199,14.10673598,3969,350,60,19.85,192,Europa
1998,Cyprus,225,222,14.89966443,6800,641,78,30.22,192,Europa
1999,Cyprus,219,214,14.62873884,5716,542,72,26.1,192,Europa
2000,Cyprus,259,252,15.87450787,8552,701,89,33.02,192,Europa
2001,Cyprus,234,227,15.06651917,5146,574,68,21.99,192,Europa
2002,Cyprus,324,322,17.94435844,10678,944,99,32.96,192,Europa
2003,Cyprus,336,316,17.77638883,11074,1020,100,32.96,192,Europa
2004,Cyprus,474,463,21.51743479,13023,1192,109,27.47,192,Europa
2005,Cyprus,613,572,23.91652149,12459,1144,106,20.32,192,Europa
2006,Cyprus,711,650,25.49509757,15380,1623,117,21.63,192,Europa
2007,Cyprus,844,780,27.92848009,17613,1942,125,20.87,192,Europa
2008,Cyprus,1009,926,30.43024811,19177,2511,129,19.01,192,Europa
2009,Cyprus,1345,1216,34.87119155,22313,2603,140,16.59,192,Europa
2010,Cyprus,1507,1373,37.05401463,33039,3140,173,21.92,192,Europa
2011,Cyprus,1614,1489,38.58756276,26864,3872,152,16.64,192,Europa
2012,Cyprus,1854,1631,40.38564101,34741,3996,175,18.74,192,Europa
2013,Cyprus,2149,1869,43.23193264,28793,3935,158,13.4,192,Europa
2014,Cyprus,2057,1780,42.19004622,28099,3279,158,13.66,192,Europa
2015,Cyprus,2136,1879,43.3474336,30528,2954,166,14.29,192,Europa
2016,Cyprus,2472,2157,46.44351408,20317,2250,134,8.22,192,Europa
2017,Cyprus,2801,2449,49.48737213,10672,1706,95,3.81,192,Europa
2018,Cyprus,2998,2598,50.97057975,3183,496,52,1.06,192,Europa
1996,Ecuador,101,96,9.797958971,2723,194,50,26.96,149,Sur America
1997,Ecuador,165,159,12.60952021,3369,312,55,20.42,149,Sur America
1998,Ecuador,153,152,12.32882801,3385,297,56,22.12,149,Sur America
1999,Ecuador,137,133,11.53256259,3543,446,56,25.86,149,Sur America
2000,Ecuador,147,142,11.91637529,4825,431,66,32.82,149,Sur America
2001,Ecuador,134,128,11.3137085,4611,604,63,34.41,149,Sur America
2002,Ecuador,175,171,13.07669683,4983,725,65,28.47,149,Sur America
2003,Ecuador,216,200,14.14213562,5517,615,70,25.54,149,Sur America
2004,Ecuador,219,208,14.4222051,9149,931,91,41.78,149,Sur America
2005,Ecuador,299,283,16.82260384,9476,1123,91,31.69,149,Sur America
2006,Ecuador,319,292,17.08800749,8821,1373,86,27.65,149,Sur America
2007,Ecuador,350,335,18.30300522,8070,937,84,23.06,149,Sur America
2008,Ecuador,417,389,19.72308292,15580,1438,119,37.36,149,Sur America
2009,Ecuador,506,474,21.77154106,11001,1360,98,21.74,149,Sur America
2010,Ecuador,460,435,20.85665361,13680,1348,111,29.74,149,Sur America
2011,Ecuador,487,450,21.21320344,9159,1066,90,18.81,149,Sur America
2012,Ecuador,660,610,24.69817807,12186,1404,104,18.46,149,Sur America
2013,Ecuador,774,699,26.43860813,15406,1509,118,19.9,149,Sur America
2014,Ecuador,1060,971,31.1608729,10938,1878,95,10.32,149,Sur America
2015,Ecuador,1666,1570,39.62322551,12895,2090,104,7.74,149,Sur America
2016,Ecuador,2451,2325,48.2182538,11931,2473,97,4.87,149,Sur America
2017,Ecuador,3523,3328,57.68882041,9759,2236,87,2.77,149,Sur America
2018,Ecuador,4376,4131,64.27285586,2319,646,41,0.53,149,Sur America
1996,Egypt,2925,2910,53.94441584,36472,6948,172,12.47,260,Africa
1997,Egypt,2928,2911,53.95368384,39120,8045,176,13.36,260,Africa
1998,Egypt,2989,2976,54.55272679,45325,8287,192,15.16,260,Africa
1999,Egypt,2984,2958,54.38749856,44874,8779,190,15.04,260,Africa
2000,Egypt,3299,3274,57.218878,54632,10676,210,16.56,260,Africa
2001,Egypt,3541,3505,59.20304046,53223,10483,207,15.03,260,Africa
2002,Egypt,3738,3697,60.80296045,64228,11868,229,17.18,260,Africa
2003,Egypt,4371,4303,65.59725604,73732,13813,245,16.87,260,Africa
2004,Egypt,4572,4505,67.11929678,76420,13898,250,16.71,260,Africa
2005,Egypt,4812,4691,68.4908753,80810,14391,258,16.79,260,Africa
2006,Egypt,5303,5186,72.01388755,85208,14471,266,16.07,260,Africa
2007,Egypt,5993,5839,76.41334962,90141,15154,274,15.04,260,Africa
2008,Egypt,6797,6564,81.0185164,101003,17617,289,14.86,260,Africa
2009,Egypt,8535,8313,91.17565465,110021,20411,299,12.89,260,Africa
2010,Egypt,9491,9154,95.6765384,135517,23761,334,14.28,260,Africa
2011,Egypt,11242,10848,104.1537325,141622,26903,339,12.6,260,Africa
2012,Egypt,13241,12765,112.9822995,144979,27747,342,10.95,260,Africa
2013,Egypt,14757,14132,118.8780888,137102,29521,328,9.29,260,Africa
2014,Egypt,15641,15039,122.6336006,128862,28518,317,8.24,260,Africa
2015,Egypt,16827,16099,126.8818348,126811,27233,316,7.54,260,Africa
2016,Egypt,19166,18332,135.3957163,94869,21658,271,4.95,260,Africa
2017,Egypt,18782,17702,133.0488632,54487,14196,201,2.9,260,Africa
2018,Egypt,22018,20074,141.6827442,13995,4257,99,0.64,260,Africa
1996,Estonia,593,587,24.22808288,13265,2289,105,22.37,255,Europa
1997,Estonia,605,602,24.53568829,14692,2495,110,24.28,255,Europa
1998,Estonia,666,660,25.69046516,18312,2589,125,27.5,255,Europa
1999,Estonia,676,669,25.86503431,17407,2995,120,25.75,255,Europa
2000,Estonia,660,653,25.55386468,16970,2751,119,25.71,255,Europa
2001,Estonia,734,722,26.87005769,19017,3104,126,25.91,255,Europa
2002,Estonia,742,730,27.01851217,17669,2952,121,23.81,255,Europa
2003,Estonia,829,815,28.54820485,21434,3744,133,25.86,255,Europa
2004,Estonia,956,928,30.46309242,30431,4339,162,31.83,255,Europa
2005,Estonia,1111,1070,32.71085447,34122,4441,172,30.71,255,Europa
2006,Estonia,1302,1242,35.24202037,30190,4852,159,23.19,255,Europa
2007,Estonia,1555,1482,38.49675311,37541,5385,179,24.14,255,Europa
2008,Estonia,1721,1638,40.47221269,37500,5956,178,21.79,255,Europa
2009,Estonia,1850,1718,41.44876355,37717,6295,177,20.39,255,Europa
2010,Estonia,2210,2088,45.69463864,48612,7514,203,22,255,Europa
2011,Estonia,2339,2194,46.84015371,45676,7803,195,19.53,255,Europa
2012,Estonia,2555,2401,49,58480,7062,227,22.89,255,Europa
2013,Estonia,2812,2567,50.66557016,51653,7034,211,18.37,255,Europa
2014,Estonia,3053,2856,53.44155686,51994,6493,213,17.03,255,Europa
2015,Estonia,3062,2812,53.02829433,44213,5490,197,14.44,255,Europa
2016,Estonia,3157,2913,53.97221507,32896,3873,170,10.42,255,Europa
2017,Estonia,3350,3043,55.16339366,15562,2445,115,4.65,255,Europa
2018,Estonia,3369,2975,54.54356057,3980,663,58,1.18,255,Europa
1996,Ethiopia,265,264,16.24807681,5004,914,64,18.88,136,Africa
1997,Ethiopia,260,254,15.93737745,5191,996,65,19.97,136,Africa
1998,Ethiopia,252,247,15.71623365,4990,1035,63,19.8,136,Africa
1999,Ethiopia,280,276,16.61324773,6906,1281,75,24.66,136,Africa
2000,Ethiopia,248,244,15.62049935,6315,1081,72,25.46,136,Africa
2001,Ethiopia,259,254,15.93737745,6288,1178,71,24.28,136,Africa
2002,Ethiopia,296,295,17.17556404,5926,1426,67,20.02,136,Africa
2003,Ethiopia,363,354,18.81488772,9278,1867,86,25.56,136,Africa
2004,Ethiopia,375,369,19.20937271,8243,1847,80,21.98,136,Africa
2005,Ethiopia,431,414,20.34698995,10049,2120,89,23.32,136,Africa
2006,Ethiopia,514,502,22.4053565,11004,2558,92,21.41,136,Africa
2007,Ethiopia,627,590,24.2899156,12689,2638,100,20.24,136,Africa
2008,Ethiopia,645,604,24.57641145,11182,2851,91,17.34,136,Africa
2009,Ethiopia,772,727,26.96293753,14265,3499,104,18.48,136,Africa
2010,Ethiopia,883,798,28.24889378,13690,3775,100,15.5,136,Africa
2011,Ethiopia,1068,1015,31.85906464,14597,3554,105,13.67,136,Africa
2012,Ethiopia,1295,1209,34.7706773,17863,4133,117,13.79,136,Africa
2013,Ethiopia,1595,1439,37.93415348,17537,4573,114,10.99,136,Africa
2014,Ethiopia,1914,1807,42.50882261,22193,4266,134,11.6,136,Africa
2015,Ethiopia,1967,1816,42.61455151,21682,3523,135,11.02,136,Africa
2016,Ethiopia,2175,2039,45.15528762,14389,2600,109,6.62,136,Africa
2017,Ethiopia,2936,2739,52.33545643,10324,1999,91,3.52,136,Africa
2018,Ethiopia,3514,3223,56.77147171,1863,494,37,0.53,136,Africa
1996,Georgia,334,332,18.22086716,4093,474,60,12.25,172,Europa
1997,Georgia,363,360,18.97366596,4732,603,64,13.04,172,Europa
1998,Georgia,357,355,18.84144368,4407,499,63,12.34,172,Europa
1999,Georgia,394,382,19.54482029,5925,550,73,15.04,172,Europa
2000,Georgia,455,444,21.07130751,10711,710,100,23.54,172,Europa
2001,Georgia,489,480,21.9089023,12768,721,110,26.11,172,Europa
2002,Georgia,444,439,20.95232684,8995,844,90,20.26,172,Europa
2003,Georgia,419,407,20.174241,5403,783,68,12.89,172,Europa
2004,Georgia,507,492,22.18107301,8271,954,86,16.31,172,Europa
2005,Georgia,679,642,25.33771892,7711,850,83,11.36,172,Europa
2006,Georgia,700,644,25.37715508,10032,1060,95,14.33,172,Europa
2007,Georgia,591,547,23.38803113,8670,1018,87,14.67,172,Europa
2008,Georgia,675,630,25.0998008,12724,2070,103,18.85,172,Europa
2009,Georgia,813,736,27.12931993,10559,996,98,12.99,172,Europa
2010,Georgia,750,667,25.82634314,19518,2124,132,26.02,172,Europa
2011,Georgia,1033,876,29.59729717,14452,2681,108,13.99,172,Europa
2012,Georgia,1154,952,30.85449724,30350,3570,164,26.3,172,Europa
2013,Georgia,1091,961,31,16620,2878,117,15.23,172,Europa
2014,Georgia,1120,1028,32.06243908,25598,2187,153,22.86,172,Europa
2015,Georgia,1386,1235,35.14256678,24492,2108,150,17.67,172,Europa
2016,Georgia,1755,1621,40.26164428,17764,2108,125,10.12,172,Europa
2017,Georgia,1889,1657,40.70626487,10022,1573,92,5.31,172,Europa
2018,Georgia,2112,1837,42.86023798,3098,359,52,1.47,172,Europa
1996,Ghana,193,189,13.74772708,3177,426,52,16.46,142,Africa
1997,Ghana,227,223,14.93318452,3965,498,59,17.47,142,Africa
1998,Ghana,220,217,14.73091986,4285,531,61,19.48,142,Africa
1999,Ghana,234,229,15.13274595,4764,629,64,20.36,142,Africa
2000,Ghana,223,218,14.76482306,4586,640,63,20.57,142,Africa
2001,Ghana,216,210,14.49137675,5286,649,68,24.47,142,Africa
2002,Ghana,239,231,15.19868415,5358,653,69,22.42,142,Africa
2003,Ghana,269,259,16.09347694,6278,921,73,23.34,142,Africa
2004,Ghana,329,318,17.8325545,9581,1130,92,29.12,142,Africa
2005,Ghana,395,364,19.07878403,9382,1311,90,23.75,142,Africa
2006,Ghana,399,380,19.49358869,8718,1214,87,21.85,142,Africa
2007,Ghana,564,510,22.58317958,10413,1380,95,18.46,142,Africa
2008,Ghana,584,539,23.21637353,14127,1609,112,24.19,142,Africa
2009,Ghana,739,677,26.01922366,11338,1516,99,15.34,142,Africa
2010,Ghana,813,746,27.31300057,15975,2255,117,19.65,142,Africa
2011,Ghana,1005,924,30.39736831,13493,2065,107,13.43,142,Africa
2012,Ghana,1188,1066,32.64965543,29574,3027,163,24.89,142,Africa
2013,Ghana,1332,1155,33.98529094,17140,2399,121,12.87,142,Africa
2014,Ghana,1559,1376,37.09447398,17898,2403,124,11.48,142,Africa
2015,Ghana,1769,1607,40.08740451,17077,2255,122,9.65,142,Africa
2016,Ghana,2174,1994,44.65422712,14177,1957,111,6.52,142,Africa
2017,Ghana,2364,2176,46.64761516,8308,1158,85,3.51,142,Africa
2018,Ghana,3017,2624,51.2249939,1727,389,37,0.57,142,Africa
1996,Iceland,322,316,17.77638883,14412,1282,115,44.76,290,Europa
1997,Iceland,346,340,18.43908891,16261,1458,122,47,290,Europa
1998,Iceland,394,392,19.79898987,18471,1455,130,46.88,290,Europa
1999,Iceland,397,381,19.5192213,14366,1258,114,36.19,290,Europa
2000,Iceland,381,366,19.13112647,19393,1975,132,50.9,290,Europa
2001,Iceland,411,399,19.97498436,18862,1854,130,45.89,290,Europa
2002,Iceland,486,479,21.88606863,24498,2039,150,50.41,290,Europa
2003,Iceland,507,488,22.09072203,25989,2072,155,51.26,290,Europa
2004,Iceland,571,531,23.04343724,29800,2246,166,52.19,290,Europa
2005,Iceland,681,639,25.27844932,29244,2253,164,42.94,290,Europa
2006,Iceland,729,666,25.8069758,29956,2507,166,41.09,290,Europa
2007,Iceland,811,738,27.16615541,34636,2986,178,42.71,290,Europa
2008,Iceland,933,816,28.56571371,29516,2874,163,31.64,290,Europa
2009,Iceland,1102,991,31.48015248,41966,3255,197,38.08,290,Europa
2010,Iceland,1263,1133,33.66006536,50782,4280,216,40.21,290,Europa
2011,Iceland,1259,1126,33.55592347,39341,3682,189,31.25,290,Europa
2012,Iceland,1417,1260,35.4964787,46485,4136,206,32.81,290,Europa
2013,Iceland,1439,1265,35.56683849,37072,3345,184,25.76,290,Europa
2014,Iceland,1513,1322,36.35931793,32572,2966,172,21.53,290,Europa
2015,Iceland,1562,1407,37.50999867,30153,2622,166,19.3,290,Europa
2016,Iceland,1751,1553,39.40812099,22775,2046,144,13.01,290,Europa
2017,Iceland,1754,1535,39.17907605,10939,1121,99,6.24,290,Europa
2018,Iceland,1846,1568,39.59797975,2422,335,46,1.31,290,Europa
1996,Indonesia,596,582,24.12467616,12906,1192,108,21.65,214,Asia
1997,Indonesia,616,610,24.69817807,12714,1229,107,20.64,214,Asia
1998,Indonesia,612,603,24.55605832,12647,1083,108,20.67,214,Asia
1999,Indonesia,649,639,25.27844932,13069,1352,108,20.14,214,Asia
2000,Indonesia,758,741,27.22131518,19184,2129,131,25.31,214,Asia
2001,Indonesia,664,652,25.53429067,16655,1601,123,25.08,214,Asia
2002,Indonesia,736,716,26.75817632,16875,1610,124,22.93,214,Asia
2003,Indonesia,852,789,28.08914381,18880,1899,130,22.16,214,Asia
2004,Indonesia,1014,954,30.88689042,22736,2358,143,22.42,214,Asia
2005,Indonesia,1232,1157,34.0147027,25959,2670,153,21.07,214,Asia
2006,Indonesia,1383,1309,36.18010503,24227,2722,147,17.52,214,Asia
2007,Indonesia,1436,1321,36.34556369,25836,3259,150,17.99,214,Asia
2008,Indonesia,1572,1465,38.27531842,28743,3850,158,18.28,214,Asia
2009,Indonesia,2177,1998,44.69899328,37644,4797,181,17.29,214,Asia
2010,Indonesia,2884,2629,51.27377497,37079,5772,177,12.86,214,Asia
2011,Indonesia,3474,3286,57.32364259,37570,6244,177,10.81,214,Asia
2012,Indonesia,4143,3830,61.88699379,40229,7212,182,9.71,214,Asia
2013,Indonesia,5358,5047,71.04224096,40548,8443,179,7.57,214,Asia
2014,Indonesia,6760,6509,80.67837381,42805,10137,181,6.33,214,Asia
2015,Indonesia,8350,8043,89.68277427,40840,10804,173,4.89,214,Asia
2016,Indonesia,12429,11965,109.3846424,35967,13323,150,2.89,214,Asia
2017,Indonesia,20459,19948,141.2373888,27746,13368,120,1.36,214,Asia
2018,Indonesia,32456,31708,178.067403,9710,6846,54,0.3,214,Asia
1996,Iran,849,838,28.94822965,12692,4233,92,14.95,292,Asia
1997,Iran,1075,1069,32.69556545,15862,5467,102,14.76,292,Asia
1998,Iran,1224,1208,34.75629439,23485,7425,127,19.19,292,Asia
1999,Iran,1433,1419,37.6696164,27707,10035,133,19.33,292,Asia
2000,Iran,1871,1851,43.02324953,33024,11795,146,17.65,292,Asia
2001,Iran,2214,2188,46.77606225,40606,14209,162,18.34,292,Asia
2002,Iran,3195,3159,56.20498199,55519,20917,186,17.38,292,Asia
2003,Iran,4522,4421,66.49060084,85163,28589,238,18.83,292,Asia
2004,Iran,5963,5862,76.56369897,104096,36480,260,17.46,292,Asia
2005,Iran,8365,8177,90.42676595,133125,46284,295,15.91,292,Asia
2006,Iran,11644,11384,106.6958293,172867,60836,335,14.85,292,Asia
2007,Iran,15395,15023,122.5683483,224839,76105,386,14.6,292,Asia
2008,Iran,20006,19507,139.6674622,263745,89682,417,13.18,292,Asia
2009,Iran,24509,23966,154.8095604,315872,108965,455,12.89,292,Asia
2010,Iran,30013,29382,171.4117849,376720,129078,498,12.55,292,Asia
2011,Iran,39682,38690,196.6977377,409553,144502,515,10.32,292,Asia
2012,Iran,41513,40290,200.7236907,419931,143754,526,10.12,292,Asia
2013,Iran,42252,40809,202.0123759,397357,145461,502,9.4,292,Asia
2014,Iran,44923,43405,208.3386666,380061,142084,488,8.46,292,Asia
2015,Iran,45013,43538,208.6576143,319765,121386,445,7.1,292,Asia
2016,Iran,52538,50783,225.3508376,268222,106440,402,5.11,292,Asia
2017,Iran,56029,53343,230.9610357,158700,67800,301,2.83,292,Asia
2018,Iran,60268,54915,234.3394973,42636,20215,150,0.71,292,Asia
1996,Iraq,94,94,9.695359715,779,82,26,8.29,92,Asia
1997,Iraq,103,103,10.14889157,961,99,29,9.33,92,Asia
1998,Iraq,85,84,9.16515139,717,77,25,8.44,92,Asia
1999,Iraq,77,75,8.660254038,893,92,28,11.6,92,Asia
2000,Iraq,102,102,10.09950494,1729,70,41,16.95,92,Asia
2001,Iraq,106,102,10.09950494,1067,94,31,10.07,92,Asia
2002,Iraq,125,120,10.95445115,1184,121,33,9.47,92,Asia
2003,Iraq,154,142,11.91637529,1702,129,40,11.05,92,Asia
2004,Iraq,131,122,11.04536102,1597,115,38,12.19,92,Asia
2005,Iraq,198,189,13.74772708,2085,170,44,10.53,92,Asia
2006,Iraq,351,334,18.27566688,3527,338,56,10.05,92,Asia
2007,Iraq,343,323,17.97220076,4430,329,64,12.92,92,Asia
2008,Iraq,463,435,20.85665361,3917,445,59,8.46,92,Asia
2009,Iraq,603,571,23.89560629,4218,628,60,7,92,Asia
2010,Iraq,825,771,27.76688675,7056,583,80,8.55,92,Asia
2011,Iraq,1120,1055,32.48076354,7444,1159,79,6.65,92,Asia
2012,Iraq,1402,1340,36.60601044,9367,1458,89,6.68,92,Asia
2013,Iraq,1746,1689,41.09744518,12181,2019,101,6.98,92,Asia
2014,Iraq,2041,1943,44.07947368,14313,2253,110,7.01,92,Asia
2015,Iraq,2159,2067,45.46427169,18090,3062,123,8.38,92,Asia
2016,Iraq,3117,3014,54.89990893,15771,4281,107,5.06,92,Asia
2017,Iraq,4260,4087,63.92964883,11458,3124,91,2.69,92,Asia
2018,Iraq,8486,8174,90.41017642,3258,1418,43,0.38,92,Asia
1996,Jordan,445,445,21.09502311,5485,803,68,12.33,156,Asia
1997,Jordan,522,517,22.737634,7629,919,82,14.61,156,Asia
1998,Jordan,590,586,24.20743687,8806,1075,88,14.93,156,Asia
1999,Jordan,604,601,24.51530134,8838,1158,88,14.63,156,Asia
2000,Jordan,679,673,25.94224354,12603,1469,106,18.56,156,Asia
2001,Jordan,682,674,25.96150997,11779,1267,103,17.27,156,Asia
2002,Jordan,760,754,27.45906044,12100,1428,103,15.92,156,Asia
2003,Jordan,864,858,29.29163703,15516,1545,118,17.96,156,Asia
2004,Jordan,977,970,31.144823,20306,1722,136,20.78,156,Asia
2005,Jordan,1102,1077,32.81767816,16593,1663,122,15.06,156,Asia
2006,Jordan,1336,1304,36.11094017,21630,2029,140,16.19,156,Asia
2007,Jordan,1608,1556,39.44616585,18849,2136,129,11.72,156,Asia
2008,Jordan,1891,1827,42.74342055,24699,2912,148,13.06,156,Asia
2009,Jordan,2060,1990,44.60941605,24636,2582,149,11.96,156,Asia
2010,Jordan,2370,2305,48.01041554,24269,3067,146,10.24,156,Asia
2011,Jordan,2497,2428,49.27473998,23120,3162,141,9.26,156,Asia
2012,Jordan,2659,2542,50.41825066,22392,3121,139,8.42,156,Asia
2013,Jordan,2540,2416,49.15282291,18116,2955,123,7.13,156,Asia
2014,Jordan,2586,2478,49.77951386,22256,2898,139,8.61,156,Asia
2015,Jordan,2611,2488,49.87985565,22269,2627,140,8.53,156,Asia
2016,Jordan,3048,2928,54.11099703,15408,2224,115,5.06,156,Asia
2017,Jordan,3389,3207,56.63038054,10724,1625,95,3.16,156,Asia
2018,Jordan,4505,4122,64.20280368,2604,848,42,0.58,156,Asia
1996,Kazakhstan,257,255,15.96871942,2362,156,47,9.19,95,Asia
1997,Kazakhstan,198,197,14.03566885,1270,223,32,6.41,95,Asia
1998,Kazakhstan,233,232,15.23154621,1598,308,36,6.86,95,Asia
1999,Kazakhstan,213,213,14.59451952,3272,291,55,15.36,95,Asia
2000,Kazakhstan,242,240,15.49193338,2569,323,47,10.62,95,Asia
2001,Kazakhstan,246,242,15.55634919,3379,383,55,13.74,95,Asia
2002,Kazakhstan,295,290,17.02938637,2341,490,43,7.94,95,Asia
2003,Kazakhstan,360,353,18.78829423,3658,533,56,10.16,95,Asia
2004,Kazakhstan,338,333,18.24828759,3317,475,53,9.81,95,Asia
2005,Kazakhstan,367,365,19.10497317,2789,443,48,7.6,95,Asia
2006,Kazakhstan,330,322,17.94435844,3166,472,52,9.59,95,Asia
2007,Kazakhstan,355,349,18.68154169,3238,421,53,9.12,95,Asia
2008,Kazakhstan,357,346,18.60107524,2700,525,47,7.56,95,Asia
2009,Kazakhstan,449,422,20.54263858,3386,672,52,7.54,95,Asia
2010,Kazakhstan,491,475,21.79449472,4131,693,59,8.41,95,Asia
2011,Kazakhstan,577,554,23.53720459,3485,869,51,6.04,95,Asia
2012,Kazakhstan,848,810,28.46049894,6774,1711,71,7.99,95,Asia
2013,Kazakhstan,1829,1784,42.23742416,6728,1757,71,3.68,95,Asia
2014,Kazakhstan,2429,2358,48.55924217,9725,1830,89,4,95,Asia
2015,Kazakhstan,2545,2467,49.66890375,8364,2025,80,3.29,95,Asia
2016,Kazakhstan,3483,3354,57.91372894,9258,2053,85,2.66,95,Asia
2017,Kazakhstan,3588,3464,58.85575588,6598,1518,71,1.84,95,Asia
2018,Kazakhstan,3819,3606,60.04997918,1917,399,39,0.5,95,Asia
1996,Kenya,645,636,25.21904043,17560,2472,123,27.22,233,Africa
1997,Kenya,678,663,25.74878638,23667,2655,145,34.91,233,Africa
1998,Kenya,621,602,24.53568829,16079,2449,117,25.89,233,Africa
1999,Kenya,643,618,24.85960579,20970,3081,134,32.61,233,Africa
2000,Kenya,624,610,24.69817807,23549,3107,143,37.74,233,Africa
2001,Kenya,688,670,25.88435821,20938,3021,134,30.43,233,Africa
2002,Kenya,772,738,27.16615541,24955,3061,148,32.33,233,Africa
2003,Kenya,871,829,28.7923601,28361,4297,155,32.56,233,Africa
2004,Kenya,938,858,29.29163703,29947,4183,161,31.93,233,Africa
2005,Kenya,981,899,29.9833287,31533,4494,164,32.14,233,Africa
2006,Kenya,1075,999,31.60696126,27092,4788,149,25.2,233,Africa
2007,Kenya,1284,1157,34.0147027,34116,5134,170,26.57,233,Africa
2008,Kenya,1334,1208,34.75629439,34944,5274,172,26.19,233,Africa
2009,Kenya,1583,1377,37.10795063,36166,5271,176,22.85,233,Africa
2010,Kenya,1761,1541,39.25557285,46875,5959,202,26.62,233,Africa
2011,Kenya,1967,1760,41.95235393,44771,6506,196,22.76,233,Africa
2012,Kenya,2067,1774,42.11887938,47695,6021,204,23.07,233,Africa
2013,Kenya,2381,1996,44.67661581,35084,5421,172,14.73,233,Africa
2014,Kenya,2528,2255,47.48684028,37447,5401,179,14.81,233,Africa
2015,Kenya,2598,2306,48.02082881,34194,3938,174,13.16,233,Africa
2016,Kenya,2817,2489,49.88987873,22892,2957,141,8.13,233,Africa
2017,Kenya,3055,2723,52.1823725,11693,1748,100,3.83,233,Africa
2018,Kenya,3209,2840,53.29165038,2414,565,43,0.75,233,Africa
1996,Kuwait,606,600,24.49489743,8304,1087,85,13.7,146,Asia
1997,Kuwait,624,618,24.85960579,9831,1228,93,15.75,146,Asia
1998,Kuwait,700,692,26.30589288,10320,1373,95,14.74,146,Asia
1999,Kuwait,728,718,26.79552201,12213,1372,104,16.78,146,Asia
1996,Latvia,387,384,19.59591794,5144,803,66,13.29,151,Europa
1997,Latvia,508,507,22.5166605,5946,977,70,11.7,151,Europa
1998,Latvia,446,442,21.02379604,7756,1008,82,17.39,151,Europa
1999,Latvia,472,471,21.70253441,6803,1075,76,14.41,151,Europa
2000,Latvia,424,420,20.49390153,7163,966,79,16.89,151,Europa
2001,Latvia,450,446,21.11871208,6722,1054,75,14.94,151,Europa
2002,Latvia,482,479,21.88606863,7689,1059,81,15.95,151,Europa
2003,Latvia,433,428,20.68816087,7232,842,80,16.7,151,Europa
2004,Latvia,463,454,21.30727575,9946,1039,94,21.48,151,Europa
2005,Latvia,663,648,25.45584412,12541,1148,107,18.92,151,Europa
2006,Latvia,604,584,24.16609195,9080,985,90,15.03,151,Europa
2007,Latvia,704,684,26.15339366,8631,1163,86,12.26,151,Europa
2008,Latvia,927,878,29.63106478,10773,1520,96,11.62,151,Europa
2009,Latvia,958,917,30.28200786,9498,1400,90,9.91,151,Europa
2010,Latvia,1083,1037,32.20248438,12962,1908,105,11.97,151,Europa
2011,Latvia,1706,1648,40.59556626,12629,2556,100,7.4,151,Europa
2012,Latvia,1578,1533,39.1535439,16074,2229,118,10.19,151,Europa
2013,Latvia,1687,1620,40.24922359,13741,2240,107,8.15,151,Europa
2014,Latvia,1657,1590,39.87480407,13483,2260,106,8.14,151,Europa
2015,Latvia,2044,1971,44.39594576,14361,2344,110,7.03,151,Europa
2016,Latvia,2070,1988,44.58699362,14318,1935,111,6.92,151,Europa
2017,Latvia,2385,2285,47.80167361,6564,1138,74,2.75,151,Europa
2018,Latvia,2267,2111,45.94562003,2138,291,43,0.94,151,Europa
1996,Lebanon,247,244,15.62049935,4536,330,65,18.36,190,Asia
1997,Lebanon,325,308,17.54992877,7261,517,82,22.34,190,Asia
1998,Lebanon,337,320,17.88854382,5938,465,74,17.62,190,Asia
1999,Lebanon,421,396,19.89974874,8242,589,87,19.58,190,Asia
2000,Lebanon,510,490,22.13594362,10340,870,97,20.27,190,Asia
2001,Lebanon,549,530,23.02172887,10918,980,100,19.89,190,Asia
2002,Lebanon,545,517,22.737634,11024,980,100,20.23,190,Asia
2003,Lebanon,679,627,25.03996805,14225,1262,114,20.95,190,Asia
2004,Lebanon,750,702,26.4952826,16149,1514,121,21.53,190,Asia
2005,Lebanon,901,821,28.65309756,15298,1424,118,16.98,190,Asia
2006,Lebanon,1070,975,31.22498999,18832,1638,131,17.6,190,Asia
2007,Lebanon,1132,1047,32.35737937,18788,1593,131,16.6,190,Asia
2008,Lebanon,1258,1144,33.82306905,21157,1958,139,16.82,190,Asia
2009,Lebanon,1333,1219,34.9141805,22147,1929,142,16.61,190,Asia
2010,Lebanon,1445,1296,36,26233,2261,155,18.15,190,Asia
2011,Lebanon,1596,1499,38.71692137,22509,2291,142,14.1,190,Asia
2012,Lebanon,1914,1735,41.6533312,22651,2456,142,11.83,190,Asia
2013,Lebanon,2201,1902,43.61192497,22772,2447,143,10.35,190,Asia
2014,Lebanon,2348,2130,46.15192304,26054,2689,153,11.1,190,Asia
2015,Lebanon,2475,2268,47.6235236,24644,2283,150,9.96,190,Asia
2016,Lebanon,2893,2607,51.05878964,24623,2027,150,8.51,190,Asia
2017,Lebanon,3153,2768,52.61178575,11097,1304,99,3.52,190,Asia
2018,Lebanon,3568,3081,55.50675635,1993,356,40,0.56,190,Asia
1996,Lithuania,563,560,23.66431913,7339,1211,78,13.04,203,Europa
1997,Lithuania,628,625,25,7598,1626,77,12.1,203,Europa
1998,Lithuania,692,692,26.30589288,9936,1734,91,14.36,203,Europa
1999,Lithuania,773,770,27.74887385,13389,2029,107,17.32,203,Europa
2000,Lithuania,812,807,28.40774542,13644,2083,108,16.8,203,Europa
2001,Lithuania,850,840,28.98275349,11272,2266,95,13.26,203,Europa
2002,Lithuania,1232,1222,34.95711659,15729,3209,112,12.77,203,Europa
2003,Lithuania,1266,1249,35.34119409,17657,3065,121,13.95,203,Europa
2004,Lithuania,1584,1557,39.45883931,22886,3990,137,14.45,203,Europa
2005,Lithuania,1920,1892,43.49712634,25722,4423,146,13.4,203,Europa
2006,Lithuania,2218,2160,46.47580015,27317,5270,148,12.32,203,Europa
2007,Lithuania,2207,2145,46.31414471,26462,5128,146,11.99,203,Europa
2008,Lithuania,3046,2977,54.56189146,31268,7494,154,10.27,203,Europa
2009,Lithuania,2898,2815,53.05657358,26734,6786,141,9.22,203,Europa
2010,Lithuania,2995,2921,54.04627647,35885,7556,168,11.98,203,Europa
2011,Lithuania,3193,3113,55.79426494,32873,7252,160,10.3,203,Europa
2012,Lithuania,3112,3022,54.97272051,43640,6277,193,14.02,203,Europa
2013,Lithuania,3163,3022,54.97272051,33189,6059,165,10.49,203,Europa
2014,Lithuania,3522,3390,58.22370651,31130,5674,160,8.84,203,Europa
2015,Lithuania,3552,3405,58.35237784,27516,4643,151,7.75,203,Europa
2016,Lithuania,3552,3365,58.00862005,24595,3640,145,6.92,203,Europa
2017,Lithuania,3873,3616,60.13318551,11412,2294,95,2.95,203,Europa
2018,Lithuania,3813,3523,59.35486501,3413,596,53,0.9,203,Europa
1996,Malaysia,1060,1036,32.18695388,17548,2920,121,16.55,281,Asia
1997,Malaysia,1202,1181,34.36568055,17178,3385,117,14.29,281,Asia
1998,Malaysia,1241,1210,34.78505426,20332,3305,130,16.38,281,Asia
1999,Malaysia,1413,1382,37.17526059,25935,4430,147,18.35,281,Asia
2000,Malaysia,1737,1697,41.19465985,32052,5609,163,18.45,281,Asia
2001,Malaysia,1553,1521,39,31170,5696,160,20.07,281,Asia
2002,Malaysia,1907,1872,43.26661531,34802,6970,167,18.25,281,Asia
2003,Malaysia,2462,2353,48.50773134,43009,8159,187,17.47,281,Asia
2004,Malaysia,2888,2778,52.70673581,57554,10578,217,19.93,281,Asia
2005,Malaysia,3490,3346,57.84461946,54834,11248,209,15.71,281,Asia
2006,Malaysia,4530,4337,65.8559033,62757,14251,220,13.85,281,Asia
2007,Malaysia,5477,5238,72.37402849,78268,17351,247,14.29,281,Asia
2008,Malaysia,8083,7795,88.2892972,94377,22652,268,11.68,281,Asia
2009,Malaysia,11517,11216,105.9056184,138298,35661,320,12.01,281,Asia
2010,Malaysia,15810,15418,124.1692393,176756,47048,360,11.18,281,Asia
2011,Malaysia,20814,20129,141.876707,214031,59854,393,10.28,281,Asia
2012,Malaysia,22948,22009,148.3543056,205723,57370,385,8.96,281,Asia
2013,Malaysia,25487,24448,156.3585623,209400,58044,389,8.22,281,Asia
2014,Malaysia,28867,27737,166.5442884,205517,55247,388,7.12,281,Asia
2015,Malaysia,27522,26472,162.7021819,174364,43798,361,6.34,281,Asia
2016,Malaysia,30334,29072,170.5051319,127306,33724,306,4.2,281,Asia
2017,Malaysia,32774,31115,176.3944444,68747,19785,221,2.1,281,Asia
2018,Malaysia,33295,31102,176.3575913,17348,6338,105,0.52,281,Asia
1996,Morocco,830,824,28.70540019,12814,1893,105,15.44,179,Africa
1997,Morocco,923,914,30.23243292,11879,2228,98,12.87,179,Africa
1998,Morocco,1084,1071,32.72613634,16868,2389,120,15.56,179,Africa
1999,Morocco,1209,1196,34.58323293,17144,2945,119,14.18,179,Africa
2000,Morocco,1266,1252,35.38361203,18218,3090,123,14.39,179,Africa
2001,Morocco,1363,1335,36.53765181,19175,3512,125,14.07,179,Africa
2002,Morocco,1355,1321,36.34556369,22219,3917,135,16.4,179,Africa
2003,Morocco,1373,1329,36.45545227,21069,3469,133,15.35,179,Africa
2004,Morocco,1450,1421,37.69615365,22968,4016,138,15.84,179,Africa
2005,Morocco,1421,1370,37.01351105,21772,3696,134,15.32,179,Africa
2006,Morocco,1544,1465,38.27531842,23198,4133,138,15.02,179,Africa
2007,Morocco,1668,1595,39.9374511,22055,3476,136,13.22,179,Africa
2008,Morocco,1926,1828,42.75511665,28143,4540,154,14.61,179,Africa
2009,Morocco,2272,2136,46.21688003,22202,3832,136,9.77,179,Africa
2010,Morocco,2549,2381,48.7954916,26506,5749,144,10.4,179,Africa
2011,Morocco,3049,2879,53.6563137,28006,5709,149,9.19,179,Africa
2012,Morocco,3620,3385,58.18075283,38116,7569,175,10.53,179,Africa
2013,Morocco,3977,3653,60.44005295,29742,6526,152,7.48,179,Africa
2014,Morocco,4894,4434,66.58828726,29246,6541,151,5.98,179,Africa
2015,Morocco,4898,4532,67.32013072,31304,5838,160,6.39,179,Africa
2016,Morocco,6037,5673,75.31932023,28260,6172,149,4.68,179,Africa
2017,Morocco,6847,6460,80.37412519,13153,3744,97,1.92,179,Africa
2018,Morocco,7081,6385,79.906195,3864,971,54,0.55,179,Africa
1996,Nigeria,1169,1163,34.10278581,11707,2772,95,10.01,181,Africa
1997,Nigeria,1196,1180,34.35112807,14233,3400,104,11.9,181,Africa
1998,Nigeria,1150,1133,33.66006536,14509,3085,107,12.62,181,Africa
1999,Nigeria,1184,1168,34.17601498,16144,3796,111,13.64,181,Africa
2000,Nigeria,1298,1272,35.665109,17940,3935,118,13.82,181,Africa
2001,Nigeria,1273,1254,35.41186242,17566,3833,117,13.8,181,Africa
2002,Nigeria,1497,1470,38.34057903,18568,4401,119,12.4,181,Africa
2003,Nigeria,1688,1637,40.45985665,26858,5310,147,15.91,181,Africa
2004,Nigeria,1875,1841,42.90687591,26778,5604,146,14.28,181,Africa
2005,Nigeria,2346,2272,47.66550115,35093,7359,167,14.96,181,Africa
2006,Nigeria,3186,3095,55.63272418,34195,8087,162,10.73,181,Africa
2007,Nigeria,3666,3572,59.76621119,40911,9092,178,11.16,181,Africa
2008,Nigeria,4010,3854,62.08059278,41364,8658,181,10.32,181,Africa
2009,Nigeria,4925,4723,68.72408603,40245,8859,177,8.17,181,Africa
2010,Nigeria,5375,5184,72,46202,8906,193,8.6,181,Africa
2011,Nigeria,6044,5806,76.19711281,44977,8474,191,7.44,181,Africa
2012,Nigeria,5881,5543,74.45132638,46608,7831,197,7.93,181,Africa
2013,Nigeria,5920,5456,73.86474125,28919,6671,149,4.88,181,Africa
2014,Nigeria,6292,5823,76.30858405,33580,7043,163,5.34,181,Africa
2015,Nigeria,6099,5626,75.00666637,37988,6372,178,6.23,181,Africa
2016,Nigeria,7026,6423,80.14362108,29004,5633,153,4.13,181,Africa
2017,Nigeria,7632,6877,82.92767934,17182,4111,114,2.25,181,Africa
2018,Nigeria,9299,8346,91.35644476,4539,1695,53,0.49,181,Africa
1996,Pakistan,926,912,30.19933774,9705,2235,86,10.48,247,Asia
1997,Pakistan,1012,991,31.48015248,11733,3047,93,11.59,247,Asia
1998,Pakistan,1187,1178,34.3220046,13990,3305,103,11.79,247,Asia
1999,Pakistan,1219,1190,34.49637662,14186,3214,105,11.64,247,Asia
2000,Pakistan,1287,1246,35.29872519,17851,4076,117,13.87,247,Asia
2001,Pakistan,1493,1417,37.64306045,18058,4082,118,12.1,247,Asia
2002,Pakistan,1645,1568,39.59797975,20428,5569,122,12.42,247,Asia
2003,Pakistan,1890,1771,42.08325083,27644,6152,147,14.63,247,Asia
2004,Pakistan,2166,2035,45.11097427,32530,8089,156,15.02,247,Asia
2005,Pakistan,2950,2777,52.69724851,38431,9268,171,13.03,247,Asia
2006,Pakistan,3593,3403,58.33523806,45321,11514,184,12.61,247,Asia
2007,Pakistan,4377,4169,64.56779383,60646,14701,214,13.86,247,Asia
2008,Pakistan,5278,5067,71.18286311,76266,19147,239,14.45,247,Asia
2009,Pakistan,6547,6272,79.19595949,77768,19840,241,11.88,247,Asia
2010,Pakistan,7635,7327,85.59789717,90849,23050,260,11.9,247,Asia
2011,Pakistan,9302,8944,94.57272334,97522,25534,268,10.48,247,Asia
2012,Pakistan,10138,9656,98.26494797,110692,24561,293,10.92,247,Asia
2013,Pakistan,11623,11146,105.5746182,112494,26505,293,9.68,247,Asia
2014,Pakistan,11906,11347,106.5222981,103790,25935,279,8.72,247,Asia
2015,Pakistan,12570,11946,109.2977584,94075,24016,265,7.48,247,Asia
2016,Pakistan,14787,14033,118.460964,83725,24279,244,5.66,247,Asia
2017,Pakistan,17528,16443,128.2302616,54613,17232,193,3.12,247,Asia
2018,Pakistan,20548,18885,137.4227055,13842,5326,92,0.67,247,Asia
1996,Peru,204,201,14.17744688,3910,374,59,19.17,212,Sur America
1997,Peru,225,223,14.93318452,4978,546,67,22.12,212,Sur America
1998,Peru,203,198,14.07124728,6292,550,76,31,212,Sur America
1999,Peru,271,265,16.2788206,7835,792,84,28.91,212,Sur America
2000,Peru,314,308,17.54992877,9409,896,92,29.96,212,Sur America
2001,Peru,340,331,18.1934054,9168,863,91,26.96,212,Sur America
2002,Peru,342,329,18.13835715,8365,881,87,24.46,212,Sur America
2003,Peru,485,468,21.63330765,16286,1689,121,33.58,212,Sur America
2004,Peru,525,503,22.42766149,16792,1863,122,31.98,212,Sur America
2005,Peru,598,563,23.72762104,16170,1849,120,27.04,212,Sur America
2006,Peru,880,814,28.53068524,16936,1928,123,19.25,212,Sur America
2007,Peru,813,766,27.67670501,20935,1998,138,25.75,212,Sur America
2008,Peru,864,811,28.47806173,22050,2298,141,25.52,212,Sur America
2009,Peru,1046,943,30.70830507,22087,2572,140,21.12,212,Sur America
2010,Peru,1140,1030,32.09361307,32078,2709,171,28.14,212,Sur America
2011,Peru,1307,1187,34.45286635,27798,2726,158,21.27,212,Sur America
2012,Peru,1419,1274,35.6931366,25525,2900,150,17.99,212,Sur America
2013,Peru,1581,1376,37.09447398,24174,2906,146,15.29,212,Sur America
2014,Peru,1769,1580,39.74921383,23955,2932,145,13.54,212,Sur America
2015,Peru,2100,1879,43.3474336,25189,2315,151,11.99,212,Sur America
2016,Peru,2468,2176,46.64761516,18811,2015,130,7.62,212,Sur America
2017,Peru,2896,2573,50.72474741,9784,1283,92,3.38,212,Sur America
2018,Peru,3385,2953,54.34151268,1852,412,38,0.55,212,Sur America
1996,Philippines,463,457,21.37755833,13920,1374,112,30.06,224,Asia
1997,Philippines,505,504,22.44994432,17698,1601,127,35.05,224,Asia
1998,Philippines,507,500,22.36067977,15872,1356,120,31.31,224,Asia
1999,Philippines,516,510,22.58317958,16699,1462,123,32.36,224,Asia
2000,Philippines,593,586,24.20743687,19532,2079,132,32.94,224,Asia
2001,Philippines,485,473,21.74856317,12610,1140,107,26,224,Asia
2002,Philippines,642,632,25.13961018,19673,1736,134,30.64,224,Asia
2003,Philippines,736,673,25.94224354,19573,1665,134,26.59,224,Asia
2004,Philippines,705,671,25.90366769,21601,1706,141,30.64,224,Asia
2005,Philippines,920,830,28.80972058,25273,2100,152,27.47,224,Asia
2006,Philippines,916,840,28.98275349,24179,2154,148,26.4,224,Asia
2007,Philippines,1019,904,30.06659276,25768,2178,154,25.29,224,Asia
2008,Philippines,1099,979,31.28897569,22691,2238,143,20.65,224,Asia
2009,Philippines,1257,1087,32.96968304,29224,2823,162,23.25,224,Asia
2010,Philippines,1355,1192,34.525353,28778,2630,162,21.24,224,Asia
2011,Philippines,1633,1513,38.89730068,29972,3153,164,18.35,224,Asia
2012,Philippines,1782,1541,39.25557285,26440,2735,154,14.84,224,Asia
2013,Philippines,1959,1748,41.80908992,23385,2675,144,11.94,224,Asia
2014,Philippines,2255,2000,44.72135955,20509,2865,133,9.09,224,Asia
2015,Philippines,2727,2481,49.80963762,24169,2747,146,8.86,224,Asia
2016,Philippines,3100,2851,53.3947563,19017,1986,131,6.13,224,Asia
2017,Philippines,3377,3090,55.58776844,9615,1246,91,2.85,224,Asia
2018,Philippines,3775,3398,58.29236657,2205,375,43,0.58,224,Asia
1996,Puerto Rico,462,461,21.47091055,15871,947,122,34.35,208,Sur America
1997,Puerto Rico,498,495,22.24859546,14032,663,116,28.18,208,Sur America
1998,Puerto Rico,502,493,22.20360331,15112,868,119,30.1,208,Sur America
1999,Puerto Rico,471,461,21.47091055,18217,869,132,38.68,208,Sur America
2000,Puerto Rico,464,460,21.44761059,14801,913,118,31.9,208,Sur America
2001,Puerto Rico,457,449,21.1896201,12999,986,110,28.44,208,Sur America
2002,Puerto Rico,459,445,21.09502311,13727,933,113,29.91,208,Sur America
2003,Puerto Rico,636,617,24.8394847,15331,1024,120,24.11,208,Sur America
2004,Puerto Rico,623,600,24.49489743,18536,1291,131,29.75,208,Sur America
2005,Puerto Rico,777,755,27.47726333,24790,1255,153,31.9,208,Sur America
2006,Puerto Rico,966,923,30.38091506,23002,1412,147,23.81,208,Sur America
2007,Puerto Rico,926,889,29.81610303,19854,1126,137,21.44,208,Sur America
2008,Puerto Rico,1035,984,31.36877428,22904,1377,147,22.13,208,Sur America
2009,Puerto Rico,932,894,29.89983278,25431,1215,156,27.29,208,Sur America
2010,Puerto Rico,1003,945,30.7408523,24308,1126,152,24.24,208,Sur America
2011,Puerto Rico,983,941,30.6757233,21460,994,143,21.83,208,Sur America
2012,Puerto Rico,978,902,30.03331484,25112,920,156,25.68,208,Sur America
2013,Puerto Rico,848,784,28,16067,680,124,18.95,208,Sur America
2014,Puerto Rico,856,794,28.17800561,12998,624,111,15.18,208,Sur America
2015,Puerto Rico,779,706,26.57066051,12271,441,109,15.75,208,Sur America
2016,Puerto Rico,859,779,27.91057147,8133,345,88,9.47,208,Sur America
2017,Puerto Rico,849,765,27.65863337,2722,182,50,3.21,208,Sur America
2018,Puerto Rico,797,702,26.4952826,765,76,26,0.96,208,Sur America
1996,Qatar,70,69,8.306623863,561,22,23,8.01,147,Asia
1997,Qatar,65,64,8,635,22,25,9.77,147,Asia
1998,Qatar,77,76,8.717797887,651,48,25,8.45,147,Asia
1999,Qatar,67,65,8.062257748,1306,46,35,19.49,147,Asia
2000,Qatar,66,65,8.062257748,568,38,23,8.61,147,Asia
2001,Qatar,117,109,10.44030651,1097,67,32,9.38,147,Asia
2002,Qatar,127,125,11.18033989,1225,72,34,9.65,147,Asia
2003,Qatar,164,156,12.489996,2716,161,51,16.56,147,Asia
2004,Qatar,208,198,14.07124728,4028,297,61,19.37,147,Asia
2005,Qatar,269,259,16.09347694,3310,282,55,12.3,147,Asia
2006,Qatar,306,295,17.17556404,4157,351,62,13.58,147,Asia
2007,Qatar,430,403,20.0748599,4595,399,65,10.69,147,Asia
2008,Qatar,552,519,22.7815715,7063,806,79,12.8,147,Asia
2009,Qatar,642,602,24.53568829,10154,863,96,15.82,147,Asia
2010,Qatar,812,759,27.54995463,14152,1553,112,17.43,147,Asia
2011,Qatar,977,929,30.47950131,14587,1846,113,14.93,147,Asia
2012,Qatar,1361,1276,35.7211422,17291,2432,122,12.7,147,Asia
2013,Qatar,1953,1790,42.3083916,26146,3543,150,13.39,147,Asia
2014,Qatar,2823,2602,51.00980298,38448,4446,184,13.62,147,Asia
2015,Qatar,3279,2991,54.69003566,44965,4721,201,13.71,147,Asia
2016,Qatar,3838,3498,59.14389233,35843,4347,177,9.34,147,Asia
2017,Qatar,3811,3396,58.27520914,17327,2576,121,4.55,147,Asia
2018,Qatar,3971,3550,59.58187644,4140,780,58,1.04,147,Asia
1996,Romania,2238,2222,47.138095,20805,4765,127,9.3,271,Europa
1997,Romania,2648,2640,51.38093031,26352,5270,145,9.95,271,Europa
1998,Romania,2777,2758,52.51666402,30778,5652,159,11.08,271,Europa
1999,Romania,2821,2806,52.97169055,30568,5709,158,10.84,271,Europa
2000,Romania,3090,3063,55.34437641,37713,6929,175,12.2,271,Europa
2001,Romania,3133,3113,55.79426494,36469,7333,171,11.64,271,Europa
2002,Romania,3299,3258,57.07889277,44163,7748,191,13.39,271,Europa
2003,Romania,3749,3698,60.81118318,46631,9060,194,12.44,271,Europa
2004,Romania,3842,3806,61.69278726,53250,9395,209,13.86,271,Europa
2005,Romania,4648,4543,67.40178039,60354,11379,221,12.98,271,Europa
2006,Romania,4890,4804,69.3108938,54195,10814,208,11.08,271,Europa
2007,Romania,6554,6407,80.04373804,66835,14036,230,10.2,271,Europa
2008,Romania,8760,8601,92.74157644,85008,18259,258,9.7,271,Europa
2009,Romania,11446,11226,105.9528197,80595,21872,242,7.04,271,Europa
2010,Romania,13307,13023,114.1183596,107527,27240,283,8.08,271,Europa
2011,Romania,13621,13223,114.991304,106420,25779,284,7.81,271,Europa
2012,Romania,14589,14050,118.5326959,114494,26778,296,7.85,271,Europa
2013,Romania,15424,14733,121.3795699,112635,26903,293,7.3,271,Europa
2014,Romania,15123,14496,120.3993355,100174,22959,278,6.62,271,Europa
2015,Romania,15425,14690,121.2023102,82761,20298,250,5.37,271,Europa
2016,Romania,15398,14461,120.2538981,68923,16152,230,4.48,271,Europa
2017,Romania,16381,15275,123.5920709,36032,10116,161,2.2,271,Europa
2018,Romania,15227,13982,118.2455073,9115,2649,80,0.6,271,Europa
1996,Saudi Arabia,2013,1973,44.41846463,25716,3348,150,12.77,309,Asia
1997,Saudi Arabia,2081,2030,45.0555213,27390,3524,154,13.16,309,Asia
1998,Saudi Arabia,2081,2025,45,30138,3659,163,14.48,309,Asia
1999,Saudi Arabia,1898,1827,42.74342055,28833,3346,160,15.19,309,Asia
2000,Saudi Arabia,2015,1945,44.10215414,31985,3564,169,15.87,309,Asia
2001,Saudi Arabia,1956,1892,43.49712634,31113,4207,164,15.91,309,Asia
2002,Saudi Arabia,2083,1977,44.46346815,37295,4630,181,17.9,309,Asia
2003,Saudi Arabia,2391,2281,47.75981575,39529,4726,187,16.53,309,Asia
2004,Saudi Arabia,2382,2275,47.69696007,37494,4991,180,15.74,309,Asia
2005,Saudi Arabia,2487,2375,48.73397172,34110,4597,172,13.72,309,Asia
2006,Saudi Arabia,2713,2589,50.88221693,34701,4592,174,12.79,309,Asia
2007,Saudi Arabia,2931,2788,52.80151513,37796,5633,179,12.9,309,Asia
2008,Saudi Arabia,3411,3209,56.64803615,42388,6189,190,12.43,309,Asia
2009,Saudi Arabia,4536,4328,65.78753681,60586,9131,227,13.36,309,Asia
2010,Saudi Arabia,6483,6171,78.55571271,103384,15756,296,15.95,309,Asia
2011,Saudi Arabia,9556,9167,95.74445154,158809,23978,367,16.62,309,Asia
2012,Saudi Arabia,12370,11795,108.6047881,202452,29725,416,16.37,309,Asia
2013,Saudi Arabia,15318,14650,121.0371844,220566,34710,431,14.4,309,Asia
2014,Saudi Arabia,18125,17329,131.6396597,241750,39318,450,13.34,309,Asia
2015,Saudi Arabia,19750,18837,137.2479508,231727,37775,440,11.73,309,Asia
2016,Saudi Arabia,21054,20026,141.5132503,167488,32139,368,7.96,309,Asia
2017,Saudi Arabia,21650,20408,142.8565714,98575,21034,278,4.55,309,Asia
2018,Saudi Arabia,23469,21598,146.9625803,22597,5976,129,0.96,309,Asia
1996,Serbia,814,809,28.44292531,7167,910,79,8.8,220,Europa
1997,Serbia,981,977,31.25699922,7255,1081,79,7.4,220,Europa
1998,Serbia,870,864,29.39387691,8902,1172,88,10.23,220,Europa
1999,Serbia,876,869,29.47880595,8541,1296,85,9.75,220,Europa
2000,Serbia,850,836,28.91366459,8876,1341,87,10.44,220,Europa
2001,Serbia,946,932,30.52867504,11300,1731,98,11.95,220,Europa
2002,Serbia,1170,1146,33.85262176,13746,1988,108,11.75,220,Europa
2003,Serbia,1162,1134,33.67491648,15141,2354,113,13.03,220,Europa
2004,Serbia,1347,1328,36.44173432,18061,3453,121,13.41,220,Europa
2005,Serbia,1901,1820,42.66145802,23509,4424,138,12.37,220,Europa
2006,Serbia,2096,2053,45.31004304,28417,5205,152,13.56,220,Europa
2007,Serbia,2541,2444,49.43682838,29106,5187,155,11.45,220,Europa
2008,Serbia,4045,3928,62.67375846,51654,11370,201,12.77,220,Europa
2009,Serbia,4812,4644,68.14690015,55633,12525,208,11.56,220,Europa
2010,Serbia,5455,5258,72.51206796,71156,14612,238,13.04,220,Europa
2011,Serbia,6478,6192,78.68926229,68349,16371,228,10.55,220,Europa
2012,Serbia,8184,7840,88.54377448,85222,17326,261,10.41,220,Europa
2013,Serbia,7765,7234,85.0529247,68945,14834,233,8.88,220,Europa
2014,Serbia,7704,7081,84.14867795,69657,12294,240,9.04,220,Europa
2015,Serbia,7505,6975,83.51646544,58748,9695,221,7.83,220,Europa
2016,Serbia,7877,7299,85.4341852,44714,7868,192,5.68,220,Europa
2017,Serbia,8104,7444,86.27861844,21983,4491,132,2.71,220,Europa
2018,Serbia,7797,7069,84.07734534,5525,1093,67,0.71,220,Europa
1996,Slovakia,2632,2612,51.10772936,32721,7025,160,12.43,263,Europa
1997,Slovakia,2483,2459,49.58830507,35126,6973,168,14.15,263,Europa
1998,Slovakia,2644,2619,51.17616633,32305,6493,161,12.22,263,Europa
1999,Slovakia,2672,2644,51.41984053,40378,6899,183,15.11,263,Europa
2000,Slovakia,2789,2739,52.33545643,35767,7292,169,12.82,263,Europa
2001,Slovakia,2750,2703,51.99038373,41467,7230,185,15.08,263,Europa
2002,Slovakia,2859,2808,52.9905652,40094,7568,180,14.02,263,Europa
2003,Slovakia,3042,2969,54.4885309,44739,7745,192,14.71,263,Europa
2004,Slovakia,3311,3260,57.09640969,54252,8546,214,16.39,263,Europa
2005,Slovakia,3559,3478,58.97457079,54790,8613,215,15.39,263,Europa
2006,Slovakia,3814,3712,60.92618485,63025,9434,231,16.52,263,Europa
2007,Slovakia,4173,4052,63.65532185,63084,9176,232,15.12,263,Europa
2008,Slovakia,4757,4604,67.85278181,66523,10429,237,13.98,263,Europa
2009,Slovakia,4659,4498,67.06713055,54237,10546,209,11.64,263,Europa
2010,Slovakia,5219,5026,70.8942875,68590,12618,237,13.14,263,Europa
2011,Slovakia,5640,5418,73.60706488,58909,12649,215,10.44,263,Europa
2012,Slovakia,6301,6082,77.98717843,70752,13727,239,11.23,263,Europa
2013,Slovakia,6822,6535,80.83934686,57397,14329,208,8.41,263,Europa
2014,Slovakia,8043,7754,88.05679985,54518,13423,203,6.78,263,Europa
2015,Slovakia,7560,7282,85.33463541,48487,9822,197,6.41,263,Europa
2016,Slovakia,8501,8070,89.83317873,42870,8943,184,5.04,263,Europa
2017,Slovakia,8886,8450,91.92388155,20049,5223,122,2.26,263,Europa
2018,Slovakia,8240,7757,88.07383266,4561,1128,59,0.55,263,Europa
1996,Slovenia,1457,1438,37.92097045,22800,4282,136,15.65,278,Europa
1997,Slovenia,1590,1578,39.72404813,26945,4837,149,16.95,278,Europa
1998,Slovenia,1539,1526,39.06404997,29824,5266,157,19.38,278,Europa
1999,Slovenia,1896,1880,43.35896678,35235,6630,169,18.58,278,Europa
2000,Slovenia,2231,2208,46.9893605,39813,6972,181,17.85,278,Europa
2001,Slovenia,2148,2114,45.97825573,40740,6813,184,18.97,278,Europa
2002,Slovenia,2408,2375,48.73397172,47162,7993,198,19.59,278,Europa
2003,Slovenia,3001,2930,54.12947441,64173,8557,236,21.38,278,Europa
2004,Slovenia,2727,2654,51.51698749,50169,8168,205,18.4,278,Europa
2005,Slovenia,3331,3231,56.84188596,64455,10249,233,19.35,278,Europa
2006,Slovenia,3469,3327,57.68015257,73119,10187,251,21.08,278,Europa
2007,Slovenia,4000,3861,62.13694553,70276,11114,243,17.57,278,Europa
2008,Slovenia,4516,4320,65.7267069,77656,12721,255,17.2,278,Europa
2009,Slovenia,4901,4665,68.30080527,90472,11862,280,18.46,278,Europa
2010,Slovenia,5046,4800,69.2820323,84605,13169,267,16.77,278,Europa
2011,Slovenia,5714,5436,73.72923436,78764,13512,255,13.78,278,Europa
2012,Slovenia,6079,5653,75.18643495,86625,13132,271,14.25,278,Europa
2013,Slovenia,6189,5726,75.67033765,72793,11893,247,11.76,278,Europa
2014,Slovenia,6187,5783,76.04603869,62269,10136,228,10.06,278,Europa
2015,Slovenia,6370,5925,76.97402159,54840,8303,216,8.61,278,Europa
2016,Slovenia,6327,5887,76.72678802,45897,6167,199,7.25,278,Europa
2017,Slovenia,6506,5962,77.21398837,19957,3469,128,3.07,278,Europa
2018,Slovenia,6262,5729,75.69015788,5616,922,69,0.9,278,Europa
1996,Thailand,1244,1222,34.95711659,26592,3967,150,21.38,311,Asia
1997,Thailand,1437,1427,37.77565354,32417,5061,165,22.56,311,Asia
1998,Thailand,1634,1619,40.23679908,35973,5457,175,22.02,311,Asia
1999,Thailand,1826,1784,42.23742416,41104,6153,187,22.51,311,Asia
2000,Thailand,2283,2234,47.26520919,52286,7560,211,22.9,311,Asia
2001,Thailand,2359,2318,48.14561247,47594,7303,201,20.18,311,Asia
2002,Thailand,2939,2880,53.66563146,65260,9104,237,22.2,311,Asia
2003,Thailand,3405,3286,57.32364259,88287,11614,277,25.93,311,Asia
2004,Thailand,3984,3830,61.88699379,106964,13803,305,26.85,311,Asia
2005,Thailand,5098,4905,70.03570518,130062,15485,338,25.51,311,Asia
2006,Thailand,6155,5926,76.98051702,119981,17295,320,19.49,311,Asia
2007,Thailand,6847,6602,81.25269226,134494,19191,340,19.64,311,Asia
2008,Thailand,8097,7771,88.15327561,137235,20542,342,16.95,311,Asia
2009,Thailand,8706,8203,90.5704146,150471,22981,357,17.28,311,Asia
2010,Thailand,10192,9491,97.42176348,146474,23281,351,14.37,311,Asia
2011,Thailand,10874,10248,101.2324059,146350,23397,351,13.46,311,Asia
2012,Thailand,12396,11603,107.7172224,149298,24307,354,12.04,311,Asia
2013,Thailand,12511,11812,108.6830254,122722,21596,318,9.81,311,Asia
2014,Thailand,13675,12881,113.4944933,108147,20253,296,7.91,311,Asia
2015,Thailand,13194,12456,111.6064514,89133,17042,268,6.76,311,Asia
2016,Thailand,14887,13901,117.9025021,68557,13290,235,4.61,311,Asia
2017,Thailand,16447,15364,123.9516035,35083,7856,165,2.13,311,Asia
2018,Thailand,17943,16485,128.3939251,8581,2042,81,0.48,311,Asia
1996,Tunisia,452,446,21.11871208,4479,1201,57,9.91,174,Africa
1997,Tunisia,621,610,24.69817807,10815,1667,96,17.42,174,Africa
1998,Tunisia,690,678,26.03843313,11240,1767,97,16.29,174,Africa
1999,Tunisia,763,744,27.27636339,8792,2155,81,11.52,174,Africa
2000,Tunisia,843,830,28.80972058,11616,2606,95,13.78,174,Africa
2001,Tunisia,1025,998,31.591138,16430,3361,114,16.03,174,Africa
2002,Tunisia,1238,1217,34.88552709,17733,4037,117,14.32,174,Africa
2003,Tunisia,1376,1336,36.55133376,19474,4050,124,14.15,174,Africa
2004,Tunisia,1759,1721,41.48493703,22102,4908,131,12.57,174,Africa
2005,Tunisia,2236,2174,46.62617291,36980,6202,175,16.54,174,Africa
2006,Tunisia,2655,2571,50.70502934,32409,6712,160,12.21,174,Africa
2007,Tunisia,3106,3016,54.91812087,40500,8220,180,13.04,174,Africa
2008,Tunisia,3910,3612,60.09991681,47462,8945,196,12.14,174,Africa
2009,Tunisia,4405,4265,65.30696747,50187,10470,199,11.39,174,Africa
2010,Tunisia,4836,4630,68.04410334,58490,10635,219,12.09,174,Africa
2011,Tunisia,5347,5118,71.54019849,54189,10756,208,10.13,174,Africa
2012,Tunisia,5626,5298,72.78736154,47751,10838,192,8.49,174,Africa
2013,Tunisia,6228,5822,76.30203143,43652,10588,182,7.01,174,Africa
2014,Tunisia,6635,6317,79.47955712,45016,10884,185,6.78,174,Africa
2015,Tunisia,7354,6923,83.20456718,45458,9488,190,6.18,174,Africa
2016,Tunisia,8064,7651,87.46999486,32524,7062,160,4.03,174,Africa
2017,Tunisia,8725,8166,90.36592278,17208,4095,115,1.97,174,Africa
2018,Tunisia,8706,7790,88.26097665,4103,1034,55,0.47,174,Africa
1996,United Arab Emirates,406,397,19.92485885,6546,557,77,16.12,190,Asia
1997,United Arab Emirates,401,398,19.94993734,6853,553,79,17.09,190,Asia
1998,United Arab Emirates,441,436,20.88061302,6016,576,74,13.64,190,Asia
1999,United Arab Emirates,394,381,19.5192213,5598,509,71,14.21,190,Asia
2000,United Arab Emirates,506,493,22.20360331,7352,564,82,14.53,190,Asia
2001,United Arab Emirates,569,553,23.51595203,8987,836,90,15.79,190,Asia
2002,United Arab Emirates,619,600,24.49489743,9603,837,94,15.51,190,Asia
2003,United Arab Emirates,883,853,29.20616373,15013,1361,117,17,190,Asia
2004,United Arab Emirates,961,910,30.16620626,17252,1403,126,17.95,190,Asia
2005,United Arab Emirates,1244,1181,34.36568055,17511,1766,125,14.08,190,Asia
2006,United Arab Emirates,1458,1361,36.89173349,22550,1889,144,15.47,190,Asia
2007,United Arab Emirates,1491,1392,37.30951621,19577,1706,134,13.13,190,Asia
2008,United Arab Emirates,1718,1590,39.87480407,26408,2161,156,15.37,190,Asia
2009,United Arab Emirates,2036,1913,43.73785546,28364,2616,160,13.93,190,Asia
2010,United Arab Emirates,2444,2282,47.77028365,33429,2996,174,13.68,190,Asia
2011,United Arab Emirates,2778,2585,50.84289528,35838,3465,180,12.9,190,Asia
2012,United Arab Emirates,3248,2973,54.52522352,32440,4031,169,9.99,190,Asia
2013,United Arab Emirates,3566,3230,56.83308895,41553,4631,192,11.65,190,Asia
2014,United Arab Emirates,3792,3518,59.31273051,35944,4351,178,9.48,190,Asia
2015,United Arab Emirates,4869,4441,66.64082833,42043,4937,193,8.63,190,Asia
2016,United Arab Emirates,5462,4968,70.48404075,30933,4161,164,5.66,190,Asia
2017,United Arab Emirates,6348,5774,75.98684097,17152,2473,121,2.7,190,Asia
2018,United Arab Emirates,7297,6521,80.75270893,4230,783,59,0.58,190,Asia
1996,Uruguay,271,265,16.2788206,7355,1001,80,27.14,179,Sur America
1997,Uruguay,334,329,18.13835715,9093,1067,90,27.22,179,Sur America
1998,Uruguay,342,333,18.24828759,9508,1263,91,27.8,179,Sur America
1999,Uruguay,342,336,18.33030278,12197,1353,104,35.66,179,Sur America
2000,Uruguay,382,371,19.26136028,11805,1220,103,30.9,179,Sur America
2001,Uruguay,369,361,19,9975,1345,93,27.03,179,Sur America
2002,Uruguay,430,417,20.42057786,11439,1606,99,26.6,179,Sur America
2003,Uruguay,480,465,21.56385865,13037,1684,107,27.16,179,Sur America
2004,Uruguay,535,512,22.627417,15906,2135,117,29.73,179,Sur America
2005,Uruguay,620,580,24.08318916,15099,2035,114,24.35,179,Sur America
2006,Uruguay,639,598,24.45403852,14353,1844,112,22.46,179,Sur America
2007,Uruguay,679,641,25.3179778,16869,1896,122,24.84,179,Sur America
2008,Uruguay,807,766,27.67670501,22360,2244,142,27.71,179,Sur America
2009,Uruguay,893,843,29.03446228,18044,2552,124,20.21,179,Sur America
2010,Uruguay,950,879,29.64793416,17124,2323,122,18.03,179,Sur America
2011,Uruguay,1100,1027,32.04684072,19263,2657,129,17.51,179,Sur America
2012,Uruguay,1114,1042,32.28002478,29410,2135,165,26.4,179,Sur America
2013,Uruguay,1180,1081,32.87856445,15232,2244,114,12.91,179,Sur America
2014,Uruguay,1466,1350,36.74234614,14933,1978,114,10.19,179,Sur America
2015,Uruguay,1376,1277,35.73513677,20366,1655,137,14.8,179,Sur America
2016,Uruguay,1590,1479,38.45776905,10378,1209,96,6.53,179,Sur America
2017,Uruguay,1585,1417,37.64306045,4757,660,64,3,179,Sur America
2018,Uruguay,1745,1560,39.49683532,1060,203,29,0.61,179,Sur America
1996,Venezuela,1049,1038,32.21800739,17004,2409,121,16.21,205,Sur America
1997,Venezuela,1256,1248,35.32704347,20524,2906,133,16.34,205,Sur America
1998,Venezuela,1234,1220,34.92849839,24433,2880,147,19.8,205,Sur America
1999,Venezuela,1321,1308,36.16628264,23590,2888,144,17.86,205,Sur America
2000,Venezuela,1404,1379,37.13488926,21871,3115,137,15.58,205,Sur America
2001,Venezuela,1453,1424,37.73592453,25987,3355,150,17.89,205,Sur America
2002,Venezuela,1503,1477,38.4317577,24889,3184,147,16.56,205,Sur America
2003,Venezuela,1660,1613,40.16217126,35352,3189,179,21.3,205,Sur America
2004,Venezuela,1627,1573,39.66106403,33212,3279,173,20.41,205,Sur America
2005,Venezuela,1912,1835,42.83689998,31103,3536,166,16.27,205,Sur America
2006,Venezuela,1983,1911,43.71498599,26697,2637,155,13.46,205,Sur America
2007,Venezuela,2046,1964,44.31703961,27687,2875,158,13.53,205,Sur America
2008,Venezuela,2333,2230,47.22287581,26298,2731,154,11.27,205,Sur America
2009,Venezuela,2418,2299,47.94788838,24808,2575,149,10.26,205,Sur America
2010,Venezuela,2232,2117,46.01086828,27465,2569,158,12.31,205,Sur America
2011,Venezuela,1989,1882,43.38202393,17962,1947,127,9.03,205,Sur America
2012,Venezuela,2089,1963,44.30575583,18812,1735,131,9.01,205,Sur America
2013,Venezuela,1989,1857,43.09292285,13982,1532,112,7.03,205,Sur America
2014,Venezuela,2029,1879,43.3474336,12512,1263,106,6.17,205,Sur America
2015,Venezuela,1782,1644,40.54626987,8739,1073,88,4.9,205,Sur America
2016,Venezuela,1627,1536,39.19183588,8271,652,87,5.08,205,Sur America
2017,Venezuela,1685,1531,39.12799509,3592,340,57,2.13,205,Sur America
2018,Venezuela,1451,1286,35.86084215,777,88,26,0.54,205,Sur America
1996,Viet Nam,295,290,17.02938637,5594,872,69,18.96,198,Asia
1997,Viet Nam,337,332,18.22086716,5139,848,66,15.25,198,Asia
1998,Viet Nam,314,313,17.69180601,6586,1049,74,20.97,198,Asia
1999,Viet Nam,372,366,19.13112647,8784,941,89,23.61,198,Asia
2000,Viet Nam,402,394,19.84943324,12889,1391,107,32.06,198,Asia
2001,Viet Nam,435,431,20.76053949,13228,1502,108,30.41,198,Asia
2002,Viet Nam,448,445,21.09502311,10932,1390,98,24.4,198,Asia
2003,Viet Nam,663,635,25.19920634,17326,1961,124,26.13,198,Asia
2004,Viet Nam,715,694,26.34387974,19797,2415,132,27.69,198,Asia
2005,Viet Nam,858,837,28.93095228,21633,2535,138,25.21,198,Asia
2006,Viet Nam,999,958,30.95157508,23629,2693,145,23.65,198,Asia
2007,Viet Nam,1159,1077,32.81767816,23734,3436,142,20.48,198,Asia
2008,Viet Nam,1526,1463,38.249183,28777,4183,157,18.86,198,Asia
2009,Viet Nam,1764,1668,40.84115571,26887,4284,150,15.24,198,Asia
2010,Viet Nam,2196,2082,45.62893819,37865,5258,181,17.24,198,Asia
2011,Viet Nam,2418,2295,47.90615827,34534,5546,170,14.28,198,Asia
2012,Viet Nam,3165,3026,55.00909016,45247,6606,197,14.3,198,Asia
2013,Viet Nam,3774,3580,59.83310121,40564,7101,183,10.75,198,Asia
2014,Viet Nam,4071,3857,62.10475022,39503,6977,180,9.7,198,Asia
2015,Viet Nam,4530,4363,66.05300902,43190,6701,191,9.53,198,Asia
2016,Viet Nam,5866,5597,74.81310046,34761,6074,169,5.93,198,Asia
2017,Viet Nam,6604,6252,79.0695896,21079,4686,128,3.19,198,Asia
2018,Viet Nam,8837,7908,88.9269363,5741,1900,62,0.65,198,Asia